delos id;mortage registry
1;ΑΒΙΑΣ - ΜΕΣΣΗΝΙΑΣ
2;ΑΓ.ΑΝΝΑΣ - ΕΥΒΟΙΑΣ
3;ΑΓ.ΝΙΚΟΛΑΟΥ - ΛΑΣΙΘΙΟΥ
4;ΑΓ.ΠΑΡΑΣΚΕΥΗΣ - ΑΤΤΙΚΗΣ
5;ΑΓΙΑΣ - ΛΑΡΙΣΑΣ
6;ΑΓΙΑΣΟΥ - ΛΕΣΒΟΥ
7;ΑΓΡΑΙΩΝ - ΕΥΡΥΤΑΝΙΑΣ
8;ΑΓΡΙΝΙΟΥ Α - ΑΙΤΩΛΟΑΚΑΡΝΑΝΙΑΣ
9;ΑΓΡΙΝΙΟΥ Β - ΑΙΤΩΛΟΑΚΑΡΝΑΝΙΑΣ
10;ΑΘΗΝΩΝ - ΑΤΤΙΚΗΣ
11;ΑΙΓΑΛΕΩ - ΑΤΤΙΚΗΣ
12;ΑΙΓΙΑΛΕΙΑΣ - ΑΧΑΙΑΣ
13;ΑΙΓΙΝΑΣ - ΑΤΤΙΚΗΣ
14;ΑΙΤΩΛΙΚΟΥ - ΑΙΤΩΛΟΑΚΑΡΝΑΝΙΑΣ
15;ΑΚΡΑΤΑΣ - ΑΧΑΙΑΣ
16;ΑΛΑΓΩΝΙΑΣ - ΜΕΣΣΗΝΙΑΣ
17;ΑΛΕΞΑΝΔΡΕΙΑΣ - ΗΜΑΘΙΑΣ
18;ΑΛΕΞΑΝΔΡΟΥΠΟΛΗΣ - ΕΒΡΟΥ
19;ΑΛΙΑΡΤΟΥ - ΒΟΙΩΤΙΑΣ
20;ΑΛΙΒΕΡΙΟΥ (ΤΑΜΥΝΕΩΝ) - ΕΥΒΟΙΑΣ
21;ΑΛΙΚΙΑΝΟΥ - ΧΑΝΙΩΝ
22;ΑΛΜΥΡΟΥ - ΜΑΓΝΗΣΙΑΣ
23;ΑΛΜΩΠΙΑΣ - ΠΕΛΛΑΣ
24;ΑΜΑΛΙΑΔΑΣ - ΗΛΕΙΑΣ
25;ΑΜΑΡΙΟΥ - ΡΕΘΥΜΝΟΥ
26;ΑΜΑΡΟΥΣΙΟΥ - ΑΤΤΙΚΗΣ
27;ΑΜΒΡΥΣΣΟΥ (ΔΙΣΤΟΜΟΥ) - ΒΟΙΩΤΙΑΣ
28;ΑΜΟΡΓΟΥ - ΚΥΚΛΑΔΩΝ
29;ΑΜΥΝΤΑΙΟΥ - ΦΛΩΡΙΝΑΣ
30;ΑΜΦΕΙΑΣ - ΜΕΣΣΗΝΙΑΣ
31;ΑΜΦΙΚΛΕΙΑΣ (ΔΡΥΜΙΑΣ) - ΦΘΙΩΤΙΔΑΣ
32;ΑΜΦΙΣΣΑΣ - ΦΩΚΙΔΑΣ
33;ΑΝΑΣΕΛΙΤΣΑΣ (ΝΕΑΠΟΛΗΣ) - ΚΟΖΑΝΗΣ
34;ΑΝΑΦΗΣ - ΚΥΚΛΑΔΩΝ
35;ΑΝΔΡΙΤΣΑΙΝΑΣ - ΗΛΕΙΑΣ
36;ΑΝΔΡΟΥ ΧΩΡΑ - ΚΥΚΛΑΔΩΝ
37;ΑΝΩ ΚΑΛΕΝΤΙΝΗΣ - ΑΡΤΑΣ
38;ΑΠΕΡΑΝΤΙΩΝ - ΕΥΡΥΤΑΝΙΑΣ
39;ΑΠΟΔΟΤΙΑΣ - ΑΙΤΩΛΟΑΚΑΡΝΑΝΙΑΣ
40;ΑΠΟΛΛΩΝΙΩΝ - ΛΕΥΚΑΔΑΣ
41;ΑΡΑΚΥΝΘΙΩΝ (ΠΡΟΥΣΟΣ) - ΕΥΡΥΤΑΝΙΑΣ
42;ΑΡΑΧΩΒΑΣ - ΒΟΙΩΤΙΑΣ
43;ΑΡΓΑΛΑΣΤΗΣ - ΜΑΓΝΗΣΙΑΣ
44;ΑΡΓΟΣΤΟΛΙΟΥ - ΚΕΦΑΛΛΗΝΙΑΣ
45;ΑΡΓΟΥΣ - ΑΡΓΟΛΙΔΑΣ
46;ΑΡΗΝΗΣ - ΗΛΕΙΑΣ
47;ΑΡΙΟΣ - ΜΕΣΣΗΝΙΑΣ
48;ΑΡΚΑΛΟΧΩΡΙΟΥ - ΗΡΑΚΛΕΙΟΥ
49;ΑΡΝΗΣ - ΧΑΛΚΙΔΙΚΗΣ
50;ΑΡΟΑΝΕΙΑΣ - ΑΧΑΙΑΣ
51;ΑΡΤΑΣ - ΑΡΤΑΣ
52;ΑΡΧΑΝΩΝ - ΗΡΑΚΛΕΙΟΥ
53;ΑΣΤΡΟΥΣ - ΑΡΚΑΔΙΑΣ
54;ΑΣΤΥΠΑΛΑΙΑΣ - ΔΩΔΕΚΑΝΗΣΟΥ
55;ΑΤΑΛΑΝΤΗΣ - ΦΘΙΩΤΙΔΑΣ
56;ΑΥΛΩΝΑΡΙΟΥ (ΑΥΛΩΝΑΣ) - ΕΥΒΟΙΑΣ
57;ΑΥΛΩΝΟΣ (ΣΙΔΗΡΟΚΑΣΤΡΟΥ) - ΜΕΣΣΗΝΙΑΣ
58;ΑΧΑΡΝΩΝ - ΑΤΤΙΚΗΣ
59;ΑΧΙΛΛΕΙΟΥ - ΜΑΓΝΗΣΙΑΣ
60;ΒΑΛΤΟΥ - ΑΙΤΩΛΟΑΚΑΡΝΑΝΙΑΣ
61;ΒΑΜΟΥ - ΧΑΝΙΩΝ
62;ΒΑΡΔΑΣ - ΗΛΕΙΑΣ
63;ΒΑΡΘΟΛΟΜΙΟΥ - ΗΛΕΙΑΣ
64;ΒΑΣΙΛΙΚΩΝ - ΘΕΣΣΑΛΟΝΙΚΗΣ
65;ΒΕΡΟΙΑΣ - ΗΜΑΘΙΑΣ
66;ΒΙΑΝΝΟΥ-ΠΕΥΚΟΥ - ΗΡΑΚΛΕΙΟΥ
67;ΒΙΛΛΙΩΝ - ΑΤΤΙΚΗΣ
68;ΒΟΙΩΝ (ΝΕΑΠΟΛΗΣ) - ΛΑΚΩΝΙΑΣ
69;ΒΟΛΙΣΣΟΥ - ΧΙΟΥ
70;ΒΟΛΟΥ - ΜΑΓΝΗΣΙΑΣ
71;ΒΟΝΙΤΣΑΣ - ΑΙΤΩΛΟΑΚΑΡΝΑΝΙΑΣ
72;ΒΟΥΛΑΣ - ΑΤΤΙΚΗΣ
73;ΒΟΥΦΡΑΔΟΣ - ΜΕΣΣΗΝΙΑΣ
74;ΒΥΡΩΝΑ - ΑΤΤΙΚΗΣ
75;ΒΥΤΙΝΑΣ (ΚΛΕΙΤΟΡΟΣ-ΜΥΛΑΟΝΤΟΣ) - ΑΡΚΑΔΙΑΣ
76;ΒΩΛΑΚΟΥ ΑΝΔΡΙΤΣΑΙΝΑΣ - ΗΛΕΙΑΣ
77;ΒΩΡΡΩΝ ΗΡΑΚΛΕΙΟΥ - ΗΡΑΚΛΕΙΟΥ
78;ΓΑΛΑΞΕΙΔΙΟΥ - ΦΩΚΙΔΑΣ
79;ΓΑΣΤΟΥΝΗΣ - ΗΛΕΙΑΣ
80;ΓΑΥΡΙΟΥ - ΚΥΚΛΑΔΩΝ
81;ΓΕΡΟΝΘΡΩΝ - ΛΑΚΩΝΙΑΣ
82;ΓΙΑΝΝΙΤΣΩΝ - ΠΕΛΛΑΣ
83;ΓΛΥΦΑΔΑΣ - ΑΤΤΙΚΗΣ
84;ΓΟΥΜΕΝΙΣΣΑΣ - ΚΙΛΚΙΣ
85;ΓΡΕΒΕΝΩΝ - ΓΡΕΒΕΝΩΝ
86;ΓΥΘΕΙΟΥ - ΛΑΚΩΝΙΑΣ
87;ΔΑΥΛΕΙΑΣ - ΒΟΙΩΤΙΑΣ
88;ΔΕΛΦΩΝ - ΦΩΚΙΔΑΣ
89;ΔΕΡΒΕΝΙΟΥ - ΚΟΡΙΝΘΙΑΣ
90;ΔΕΣΚΑΤΗ - ΓΡΕΒΕΝΩΝ
91;ΔΕΣΦΙΝΑΣ - ΦΩΚΙΔΑΣ
92;ΔΙΔΥΜΟΤΕΙΧΟΥ - ΕΒΡΟΥ
93;ΔΙΚΑΙΩΝ - ΕΒΡΟΥ
94;ΔΟΜΟΚΟΥ - ΦΘΙΩΤΙΔΑΣ
95;ΔΡΑΜΑΣ - ΔΡΑΜΑΣ
96;ΔΡΟΣΟΠΗΓΗΣ - ΑΡΤΑΣ
97;ΔΥΜΗΣ - ΑΧΑΙΑΣ
98;ΔΩΡΙΔΑΣ (ΛΙΔΩΡΙΚΙΟΥ) - ΦΩΚΙΔΑΣ
99;ΔΩΡΙΕΩΝ - ΦΩΚΙΔΑΣ
100;ΔΩΡΙΟΥ - ΜΕΣΣΗΝΙΑΣ
101;ΕΔΕΣΣΑΣ - ΠΕΛΛΑΣ
102;ΕΛ.ΒΕΝΙΖΕΛΟΥ - ΧΑΝΙΩΝ
103;ΕΛΑΣΣΟΝΑΣ - ΛΑΡΙΣΑΣ
104;ΕΛΑΤΕΙΑΣ ΛΟΚΡΙΔΟΣ - ΦΘΙΩΤΙΔΑΣ
105;ΕΛΕΥΣΙΝΑΣ - ΑΤΤΙΚΗΣ
106;ΕΛΕΥΣΙΝΑΣ ΠΕΛΟΠΟΝΝΗΣΟΥ - ΑΡΚΑΔΙΑΣ
107;ΕΟΡΔΑΙΑΣ - ΚΟΖΑΝΗΣ
108;ΕΠΙΔΑΥΡΟΥ (ΑΡΓΟΛΙΔΟΣ) - ΑΡΓΟΛΙΔΑΣ
109;ΕΠΙΔΑΥΡΟΥ (ΛΑΚΩΝΙΑΣ) - ΛΑΚΩΝΙΑΣ
110;ΕΠΙΛΙΜΝΙΩΝ (ΣΚΡΙΠΕΡΟ) - ΚΕΡΚΥΡΑΣ
111;ΕΡΑΝΗΣ (ΦΙΛΙΑΤΡΩΝ) - ΜΕΣΣΗΝΙΑΣ
112;ΕΡΕΣΣΟΥ - ΛΕΣΒΟΥ
113;ΕΡΕΤΡΙΑΣ - ΕΥΒΟΙΑΣ
114;ΕΡΙΝΕΟΥ - ΑΧΑΙΑΣ
115;ΕΡΥΘΡΩΝ - ΑΤΤΙΚΗΣ
116;ΕΡΥΣΣΟΥ - ΚΕΦΑΛΛΗΝΙΑΣ
117;ΕΥΑΣ - ΜΕΣΣΗΝΙΑΣ
118;ΕΥΔΗΛΟΥ - ΙΚΑΡΙΑΣ
119;ΕΥΠΑΛΙΟΥ - ΦΩΚΙΔΑΣ
120;ΕΧΙΝΟΥ (ΚΑΤΟΥΝΑΣ) - ΑΙΤΩΛΟΑΚΑΡΝΑΝΙΑΣ
121;ΖΑΓΟΡΑΣ - ΜΑΓΝΗΣΙΑΣ
122;ΖΑΓΟΡΙΟΥ - ΙΩΑΝΝΙΝΩΝ
123;ΖΑΚΥΝΘΟΥ - ΖΑΚΥΝΘΟΥ
124;ΖΙΤΣΑΣ - ΙΩΑΝΝΙΝΩΝ
125;ΖΩΓΡΑΦΟΥ - ΑΤΤΙΚΗΣ
126;ΗΓΟΥΜΕΝΙΤΣΑΣ - ΘΕΣΠΡΩΤΙΑΣ
127;ΗΛΙΟΥΠΟΛΕΩΣ - ΑΤΤΙΚΗΣ
128;ΗΡΑΚΛΕΙΑΣ - ΣΕΡΡΩΝ
129;ΗΡΑΚΛΕΙΟΥ ΚΡΗΤΗΣ - ΗΡΑΚΛΕΙΟΥ
130;ΘΑΣΟΥ - ΚΑΒΑΛΑΣ
131;ΘΕΡΑΠΝΩΝ - ΛΑΚΩΝΙΑΣ
132;ΘΕΡΜΟΠΥΛΩΝ - ΦΘΙΩΤΙΔΑΣ
133;ΘΕΡΜΟΥ - ΑΙΤΩΛΟΑΚΑΡΝΑΝΙΑΣ
134;ΘΕΣΠΙΩΝ - ΒΟΙΩΤΙΑΣ
135;ΘΕΣΠΡΩΤΙΚΟΥ - ΠΡΕΒΕΖΑΣ
136;ΘΕΣΣΑΛΟΝΙΚΗΣ - ΘΕΣΣΑΛΟΝΙΚΗΣ
137;ΘΗΒΩΝ - ΒΟΙΩΤΙΑΣ
138;ΘΗΡΑΣ (ΣΑΝΤΟΡΙΝΗΣ) - ΚΥΚΛΑΔΩΝ
139;ΘΙΣΒΗΣ - ΒΟΙΩΤΙΑΣ
140;ΘΟΥΡΙΑΣ - ΜΕΣΣΗΝΙΑΣ
141;ΙΕΡΑΠΕΤΡΑΣ - ΛΑΣΙΘΙΟΥ
142;ΙΕΡΙΣΣΟΥ - ΧΑΛΚΙΔΙΚΗΣ
143;ΙΘΑΚΗΣ - ΚΕΦΑΛΛΗΝΙΑΣ
144;ΙΚΑΡΙΑΣ - ΙΚΑΡΙΑΣ
145;ΙΛΙΟΥ (Ν.ΛΙΟΣΙΩΝ) - ΑΤΤΙΚΗΣ
146;ΙΟΥ - ΚΥΚΛΑΔΩΝ
147;ΙΣΤΙΑΙΑΣ - ΕΥΒΟΙΑΣ
148;ΙΤΕΑΣ - ΦΩΚΙΔΑΣ
149;ΙΩΑΝΝΙΝΩΝ - ΙΩΑΝΝΙΝΩΝ
150;ΚΑΒΑΛΑΣ - ΚΑΒΑΛΑΣ
151;ΚΑΛΑΒΡΥΤΩΝ - ΑΧΑΙΑΣ
152;ΚΑΛΑΜΑΡΙΑΣ - ΘΕΣΣΑΛΟΝΙΚΗΣ
153;ΚΑΛΑΜΑΤΑΣ - ΜΕΣΣΗΝΙΑΣ
154;ΚΑΛΑΜΠΑΚΑΣ - ΤΡΙΚΑΛΩΝ
155;ΚΑΛΑΜΩΤΗΣ - ΧΙΟΥ
156;ΚΑΛΛΙΘΕΑΣ - ΑΤΤΙΚΗΣ
157;ΚΑΛΛΙΜΑΣΙΑΣ - ΧΙΟΥ
158;ΚΑΛΛΟΝΗΣ - ΛΕΣΒΟΥ
159;ΚΑΛΤΕΖΟΥΝΤΟΣ (ΒΛΑΧΟΚΕΡΑΣΙΑ) - ΑΡΚΑΔΙΑΣ
160;ΚΑΛΥΜΝΟΥ - ΔΩΔΕΚΑΝΗΣΟΥ
161;ΚΑΝΔΑΝΟΥ - ΧΑΝΙΩΝ
162;ΚΑΡΔΑΜΥΛΗΣ - ΜΕΣΣΗΝΙΑΣ
163;ΚΑΡΔΑΜΥΛΩΝ - ΧΙΟΥ
164;ΚΑΡΔΙΤΣΑΣ - ΚΑΡΔΙΤΣΑΣ
165;ΚΑΡΛΟΒΑΣΙΟΥ - ΣΑΜΟΥ
166;ΚΑΡΠΑΘΟΥ - ΔΩΔΕΚΑΝΗΣΟΥ
167;ΚΑΡΠΕΝΗΣΙΟΥ - ΕΥΡΥΤΑΝΙΑΣ
168;ΚΑΡΥΑΣ - ΛΕΥΚΑΔΑΣ
169;ΚΑΡΥΣΤΟΥ - ΕΥΒΟΙΑΣ
170;ΚΑΡΥΤΑΙΝΑΣ - ΑΡΚΑΔΙΑΣ
171;ΚΑΣΣΑΝΔΡΑΣ - ΧΑΛΚΙΔΙΚΗΣ
172;ΚΑΣΤΕΛΙΟΥ ΗΡΑΚΛΕΙΟΥ - ΗΡΑΚΛΕΙΟΥ
173;ΚΑΣΤΕΛΙΟΥ ΧΑΝΙΩΝ - ΧΑΝΙΩΝ
174;ΚΑΣΤΟΡΕΙΟΥ - ΛΑΚΩΝΙΑΣ
175;ΚΑΣΤΟΡΙΑΣ - ΚΑΣΤΟΡΙΑΣ
176;ΚΑΣΤΟΡΙΟΥ - ΛΑΚΩΝΙΑΣ
177;ΚΑΤΕΡΙΝΗΣ - ΠΙΕΡΙΑΣ
178;ΚΕΑΣ - ΚΥΚΛΑΔΩΝ
179;ΚΕΡΑΤΕΑΣ - ΑΤΤΙΚΗΣ
180;ΚΕΡΚΥΡΑΣ - ΚΕΡΚΥΡΑΣ
181;ΚΗΦΙΣΙΑΣ - ΑΤΤΙΚΗΣ
182;ΚΙΛΚΙΣ - ΚΙΛΚΙΣ
183;ΚΙΜΩΛΟΥ - ΚΥΚΛΑΔΩΝ
184;ΚΙΣΣΑΒΟΥ (ΣΙΚΟΥΡΙΟΥ) - ΛΑΡΙΣΑΣ
185;ΚΛΕΙΣΟΥΡΑΣ - ΚΑΣΤΟΡΙΑΣ
186;ΚΛΕΙΤΟΡΙΑΣ - ΑΧΑΙΑΣ
187;ΚΟΖΑΝΗΣ - ΚΟΖΑΝΗΣ
188;ΚΟΛΙΝΔΡΟΥ - ΠΙΕΡΙΑΣ
189;ΚΟΛΥΜΒΑΡΙΟΥ - ΧΑΝΙΩΝ
190;ΚΟΜΟΤΗΝΗΣ - ΡΟΔΟΠΗΣ
191;ΚΟΝΙΤΣΑΣ - ΙΩΑΝΝΙΝΩΝ
192;ΚΟΡΕΣΤΙΩΝ - ΚΑΣΤΟΡΙΑΣ
193;ΚΟΡΘΙΟΥ - ΚΥΚΛΑΔΩΝ
194;ΚΟΡΙΝΘΟΥ Α - ΚΟΡΙΝΘΙΑΣ
195;ΚΟΡΙΝΘΟΥ Β - ΚΟΡΙΝΘΙΑΣ
196;ΚΟΡΩΝΗΣ - ΜΕΣΣΗΝΙΑΣ
197;ΚΟΥΦΑΛΙΩΝ - ΘΕΣΣΑΛΟΝΙΚΗΣ
198;ΚΡΕΣΤΕΝΩΝ - ΗΛΕΙΑΣ
199;ΚΡΟΚΕΩΝ - ΛΑΚΩΝΙΑΣ
200;ΚΡΟΚΥΛΕΙΟΥ - ΦΩΚΙΔΑΣ
201;ΚΡΥΑΣ ΒΡΥΣΗΣ - ΠΕΛΛΑΣ
202;ΚΡΩΠΙΑΣ - ΑΤΤΙΚΗΣ
203;ΚΤΗΜΕΝΙΩΝ - ΕΥΡΥΤΑΝΙΑΣ
204;ΚΥΘΗΡΩΝ - ΑΤΤΙΚΗΣ
205;ΚΥΘΝΟΥ - ΚΥΚΛΑΔΩΝ
206;ΚΥΜΗΣ - ΕΥΒΟΙΑΣ
207;ΚΥΠΑΡΙΣΣΙΑΣ - ΜΕΣΣΗΝΙΑΣ
209;ΛΑΓΚΑΔΑ - ΘΕΣΣΑΛΟΝΙΚΗΣ
210;ΛΑΓΚΑΔΙΩΝ - ΑΡΚΑΔΙΑΣ
211;ΛΑΜΙΑΣ - ΦΘΙΩΤΙΔΑΣ
212;ΛΑΜΠΕΙΑΣ - ΗΛΕΙΑΣ
213;ΛΑΡΙΣΑΣ - ΛΑΡΙΣΑΣ
214;ΛΑΥΡΙΟΥ - ΑΤΤΙΚΗΣ
215;ΛΕΡΟΥ - ΔΩΔΕΚΑΝΗΣΟΥ
216;ΛΕΥΚΑΔΑΣ - ΛΕΥΚΑΔΑΣ
217;ΛΕΥΚΙΜΜΗΣ - ΚΕΡΚΥΡΑΣ
218;ΛΕΥΚΤΡΟΥ - ΜΕΣΣΗΝΙΑΣ
219;ΛΗΜΝΟΥ - ΛΗΜΝΟΥ
220;ΛΗΞΟΥΡΙΟΥ - ΚΕΦΑΛΛΗΝΙΑΣ
221;ΛΙΒΑΔΕΙΑΣ - ΒΟΙΩΤΙΑΣ
222;ΛΙΜΗΡΟΥ(ΜΟΛΑΩΝ) - ΛΑΚΩΝΙΑΣ
223;ΛΙΜΝΗΣ - ΕΥΒΟΙΑΣ
224;ΛΥΚΟΣΟΥΡΑΣ - ΑΡΚΑΔΙΑΣ
225;ΜΑΚΡΑΚΩΜΗΣ - ΦΘΙΩΤΙΔΑΣ
226;ΜΑΚΡΥΝΕΙΑΣ - ΑΙΤΩΛΟΑΚΑΡΝΑΝΙΑΣ
227;ΜΑΝΤΑΜΑΔΟΥ - ΛΕΣΒΟΥ
228;ΜΑΡΑΘΟΚΑΜΠΟΥ - ΣΑΜΟΥ
229;ΜΑΡΑΘΩΝΟΣ ΑΘΗΝΩΝ - ΑΤΤΙΚΗΣ
230;ΜΑΡΜΑΡΙΟΥ - ΕΥΒΟΙΑΣ
231;ΜΑΣΣΗΤΟΥ(ΚΡΑΝΙΔΙΟΥ) - ΑΡΓΟΛΙΔΑΣ
232;ΜΑΣΤΙΧΟΧΩΡΙΩΝ - ΧΙΟΥ
233;ΜΕΓΑΛΟΠΟΛΕΩΣ - ΑΡΚΑΔΙΑΣ
234;ΜΕΓΑΡΩΝ - ΑΤΤΙΚΗΣ
235;ΜΕΓΙΣΤΗΣ - ΔΩΔΕΚΑΝΗΣΟΥ
236;ΜΕΘΩΝΗΣ - ΜΕΣΣΗΝΙΑΣ
237;ΜΕΛΙΝΤΙΝΗΣ - ΛΑΚΩΝΙΑΣ
238;ΜΕΣΗΣ - ΚΕΡΚΥΡΑΣ
239;ΜΕΣΟΛΟΓΓΙΟΥ - ΑΙΤΩΛΟΑΚΑΡΝΑΝΙΑΣ
240;ΜΕΤΣΟΒΟΥ - ΙΩΑΝΝΙΝΩΝ
241;ΜΗΘΥΜΝΑΣ - ΛΕΣΒΟΥ
242;ΜΗΛΕΩΝ - ΜΑΓΝΗΣΙΑΣ
243;ΜΗΛΟΥ - ΚΥΚΛΑΔΩΝ
244;ΜΟΙΡΩΝ - ΗΡΑΚΛΕΙΟΥ
245;ΜΟΝΕΜΒΑΣΙΑΣ - ΛΑΚΩΝΙΑΣ
246;ΜΟΥΔΡΟΥ - ΛΕΣΒΟΥ
247;ΜΟΥΖΑΚΙΟΥ - ΚΑΡΔΙΤΣΑΣ
248;ΜΟΥΡΙΩΝ ΚΙΛΚΙΣ - ΚΙΛΚΙΣ
249;ΜΥΚΟΝΟΥ - ΚΥΚΛΑΔΩΝ
250;ΜΥΡΤΟΥΝΤΙΩΝ (ΛΕΧΑΙΝΩΝ) - ΗΛΕΙΑΣ
251;ΜΥΤΙΛΗΝΗΣ - ΛΕΣΒΟΥ
252;Ν.ΕΡΥΘΡΑΙΑΣ - ΑΤΤΙΚΗΣ
253;Ν.ΙΩΝΙΑΣ - ΑΤΤΙΚΗΣ
254;Ν.ΜΟΥΔΑΝΙΩΝ - ΧΑΛΚΙΔΙΚΗΣ
255;Ν.ΣΜΥΡΝΗΣ - ΑΤΤΙΚΗΣ
256;Ν.ΦΙΛΑΔΕΛΦΕΙΑΣ - ΑΤΤΙΚΗΣ
257;Ν.ΦΥΓΑΛΕΙΑΣ - ΗΛΕΙΑΣ
258;ΝΑΞΟΥ - ΚΥΚΛΑΔΩΝ
259;ΝΑΟΥΣΑΣ - ΗΜΑΘΙΑΣ
260;ΝΑΥΠΑΚΤΟΥ - ΑΙΤΩΛΟΑΚΑΡΝΑΝΙΑΣ
261;ΝΑΥΠΛΙΟΥ - ΑΡΓΟΛΙΔΑΣ
262;ΝΕΑΠΟΛΕΩΣ - ΘΕΣΣΑΛΟΝΙΚΗΣ
263;ΝΕΑΠΟΛΗΣ ΛΑΣΙΘΙΟΥ - ΛΑΣΙΘΙΟΥ
264;ΝΕΜΕΑΣ - ΚΟΡΙΝΘΙΑΣ
265;ΝΕΣΤΟΡΙΟΥ - ΚΑΣΤΟΡΙΑΣ
266;ΝΕΣΤΟΥ - ΔΡΑΜΑΣ
267;ΝΕΥΡΟΚΟΠΙΟΥ - ΔΡΑΜΑΣ
268;ΝΕΥΡΟΠΟΛΕΩΣ (ΜΕΣΙΝΙΚΟΛΑΣ) - ΚΑΡΔΙΤΣΑΣ
269;ΝΗΛΕΙΑΣ - ΜΑΓΝΗΣΙΑΣ
270;ΝΙΓΡΙΤΑΣ - ΣΕΡΡΩΝ
271;ΝΙΚΑΙΑΣ - ΑΤΤΙΚΗΣ
272;ΝΙΣΥΡΟΥ - ΔΩΔΕΚΑΝΗΣΟΥ
273;ΝΥΜΦΑΣΙΑΣ - ΑΡΚΑΔΙΑΣ
274;ΞΑΝΘΗΣ - ΞΑΝΘΗΣ
275;ΞΗΡΟΜΕΡΟΥ - ΑΙΤΩΛΟΑΚΑΡΝΑΝΙΑΣ
276;ΞΥΛΟΚΑΣΤΡΟΥ - ΚΟΡΙΝΘΙΑΣ
277;ΟΙΝΟΥΝΤΟΣ - ΛΑΚΩΝΙΑΣ
278;ΟΙΤΥΛΟΥ - ΛΑΚΩΝΙΑΣ
279;ΟΙΧΑΛΙΑΣ - ΜΕΣΣΗΝΙΑΣ
280;ΟΛΥΜΠΙΩΝ - ΗΛΕΙΑΣ
281;ΟΛΥΜΠΟΥ (ΠΥΡΓΕΤΟΥ) - ΛΑΡΙΣΑΣ
282;ΟΡΕΣΤΙΑΔΑΣ - ΕΒΡΟΥ
283;ΟΡΟΥΣ - ΚΕΡΚΥΡΑΣ
284;ΟΡΧΟΜΕΝΟΥ (ΑΡΚΑΔΙΑΣ) - ΑΡΚΑΔΙΑΣ
285;ΟΡΧΟΜΕΝΟΥ (ΒΟΙΩΤΙΑΣ) - ΒΟΙΩΤΙΑΣ
286;Π.ΦΑΛΗΡΟΥ - ΑΤΤΙΚΗΣ
287;ΠΑΓΓΑΙΟΥ - ΚΑΒΑΛΑΣ
288;ΠΑΛΑΜΑ - ΚΑΡΔΙΤΣΑΣ
289;ΠΑΜΙΣΟΥ - ΜΕΣΣΗΝΙΑΣ
290;ΠΑΞΩΝ - ΚΕΡΚΥΡΑΣ
291;ΠΑΠΑΓΟΥ - ΑΤΤΙΚΗΣ
292;ΠΑΠΑΔΟΥ (ΓΕΡΑ) - ΛΕΣΒΟΥ
293;ΠΑΡΑΜΥΘΙΑΣ - ΘΕΣΠΡΩΤΙΑΣ
294;ΠΑΡΑΧΕΛΩΙΤΙΔΟΣ (ΝΕΟΧΩΡΙΟΥ) - ΑΙΤΩΛΟΑΚΑΡΝΑΝΙΑΣ
295;ΠΑΡΓΑΣ - ΠΡΕΒΕΖΑΣ
296;ΠΑΡΝΩΝΟΣ - ΑΡΚΑΔΙΑΣ
297;ΠΑΡΟΥ - ΚΥΚΛΑΔΩΝ
298;ΠΑΤΜΟΥ - ΔΩΔΕΚΑΝΗΣΟΥ
299;ΠΑΤΡΩΝ - ΑΧΑΙΑΣ
300;ΠΕΙΡΑΙΑ - ΑΤΤΙΚΗΣ
301;ΠΕΝΤΑΛΟΦΟΥ - ΚΟΖΑΝΗΣ
302;ΠΕΡΑΜΑΤΟΣ ΜΥΛΟΠΟΤΑΜΟΥ ΠΑΝΟΡΜΟΥ - ΡΕΘΥΜΝΟΥ
303;ΠΕΡΙΣΤΕΡΙΟΥ - ΑΤΤΙΚΗΣ
304;ΠΕΤΑΛΙΔΙΟΥ - ΜΕΣΣΗΝΙΑΣ
305;ΠΛΑΤΑΜΗΔΟΥΣ (ΓΑΡΓΑΛΙΑΝΩΝ) - ΜΕΣΣΗΝΙΑΣ
306;ΠΛΩΜΑΡΙΟΥ - ΛΕΣΒΟΥ
307;ΠΟΛΥΓΥΡΟΥ - ΧΑΛΚΙΔΙΚΗΣ
308;ΠΟΛΥΚΑΣΤΡΟΥ - ΚΙΛΚΙΣ
309;ΠΟΛΥΧΝΙΤΟΥ - ΛΕΣΒΟΥ
310;ΠΟΡΟΙΩΝ - ΣΕΡΡΩΝ
311;ΠΟΡΟΥ - ΑΤΤΙΚΗΣ
312;ΠΡΑΜΑΝΤΩΝ - ΙΩΑΝΝΙΝΩΝ
313;ΠΡΑΣΙΩΝ - ΑΡΚΑΔΙΑΣ
314;ΠΡΕΒΕΖΑΣ - ΠΡΕΒΕΖΑΣ
315;ΠΡΕΣΠΩΝ - ΦΛΩΡΙΝΑΣ
316;ΠΡΟΝΝΩΝ - ΚΕΦΑΛΛΗΝΙΑΣ
317;ΠΡΟΣΧΙΟΥ - ΑΙΤΩΛΟΑΚΑΡΝΑΝΙΑΣ
318;ΠΥΛΟΥ - ΜΕΣΣΗΝΙΑΣ
319;ΠΥΡΓΟΥ ΗΛΕΙΑΣ - ΗΛΕΙΑΣ
320;ΠΥΡΓΟΥ ΗΡΑΚΛΕΙΟΥ - ΗΡΑΚΛΕΙΟΥ
321;ΠΥΡΓΟΥ ΣΑΜΟΥ - ΣΑΜΟΥ
322;ΠΥΡΡΑΣ - ΤΡΙΚΑΛΩΝ
323;ΠΩΓΩΝΙΟΥ - ΙΩΑΝΝΙΝΩΝ
324;ΡΕΘΥΜΝΟΥ - ΡΕΘΥΜΝΟΥ
325;ΡΕΝΤΙΝΑΣ - ΚΑΡΔΙΤΣΑΣ
326;ΡΟΔΟΛΕΙΒΟΥ - ΣΕΡΡΩΝ
327;ΡΟΔΟΥ ΚΤΗΜΑΤΟΛΟΓΙΟ - ΔΩΔΕΚΑΝΗΣΟΥ
328;ΣΑΛΑΜΙΝΟΣ - ΑΤΤΙΚΗΣ
329;ΣΑΜΑΙΩΝ - ΚΕΦΑΛΛΗΝΙΑΣ
330;ΣΑΜΟΘΡΑΚΗΣ - ΕΒΡΟΥ
331;ΣΑΜΟΥ - ΣΑΜΟΥ
332;ΣΑΠΠΩΝ - ΡΟΔΟΠΗΣ
333;ΣΕΛΛΑΣΙΑΣ - ΛΑΚΩΝΙΑΣ
334;ΣΕΡΒΙΩΝ - ΚΟΖΑΝΗΣ
335;ΣΕΡΙΦΟΥ - ΚΥΚΛΑΔΩΝ
336;ΣΕΡΡΩΝ - ΣΕΡΡΩΝ
337;ΣΗΤΕΙΑΣ - ΛΑΣΙΘΙΟΥ
338;ΣΙΑΤΙΣΤΑΣ - ΚΟΖΑΝΗΣ
339;ΣΙΚΙΝΟΥ - ΚΥΚΛΑΔΩΝ
340;ΣΙΚΥΩΝΟΣ (ΚΙΑΤΟΥ) - ΚΟΡΙΝΘΙΑΣ
341;ΣΙΦΝΟΥ - ΚΥΚΛΑΔΩΝ
342;ΣΚΙΑΘΟΥ - ΣΚΙΑΘΟΥ
343;ΣΚΟΠΕΛΟΥ - ΣΚΟΠΕΛΟΥ
344;ΣΚΥΔΡΑΣ - ΠΕΛΛΑΣ
345;ΣΚΥΡΟΥ - ΣΚΥΡΟΥ
346;ΣΟΛΙΟΥ - ΛΕΥΚΑΔΑΣ
347;ΣΟΛΥΓΕΙΑΣ - ΚΟΡΙΝΘΙΑΣ
348;ΣΟΥΦΛΙΟΥ - ΕΒΡΟΥ
349;ΣΟΦΑΔΩΝ - ΚΑΡΔΙΤΣΑΣ
350;ΣΟΧΟΥ - ΘΕΣΣΑΛΟΝΙΚΗΣ
351;ΣΠΑΡΤΗΣ - ΛΑΚΩΝΙΑΣ
352;ΣΠΑΤΩΝ - ΑΤΤΙΚΗΣ
353;ΣΠΕΡΧΕΙΑΔΑΣ - ΦΘΙΩΤΙΔΑΣ
354;ΣΠΕΤΣΩΝ - ΑΤΤΙΚΗΣ
355;ΣΠΗΛΙΟΥ - ΡΕΘΥΜΝΟΥ
356;ΣΤΑΥΡΟΥΠΟΛΗΣ - ΞΑΝΘΗΣ
357;ΣΤΥΛΙΔΑΣ (ΦΑΛΑΡΩΝ) - ΦΘΙΩΤΙΔΑΣ
358;ΣΤΥΜΦΑΛΙΑΣ - ΚΟΡΙΝΘΙΑΣ
359;ΣΤΥΡΩΝ - ΕΥΒΟΙΑΣ
360;ΣΥΚΙΑΣ - ΧΑΛΚΙΔΙΚΗΣ
361;ΣΥΜΗΣ - ΔΩΔΕΚΑΝΗΣΟΥ
362;ΣΥΝΤΙΚΟΥ - ΣΕΡΡΩΝ
363;ΣΥΡΟΥ (ΕΡΜΟΥΠΟΛΗΣ) - ΚΥΚΛΑΔΩΝ
364;ΤΑΝΙΑΣ (ΔΟΛΙΑΝΩΝ) - ΑΡΚΑΔΙΑΣ
365;ΤΕΥΘΙΔΟΣ - ΑΡΚΑΔΙΑΣ
366;ΤΖΕΡΜΙΑΔΟ - ΛΑΣΙΘΙΟΥ
367;ΤΖΟΥΜΕΡΚΩΝ - ΑΡΤΑΣ
368;ΤΗΝΟΥ - ΚΥΚΛΑΔΩΝ
369;ΤΟΛΟΦΩΝΟΣ - ΦΩΚΙΔΑΣ
370;ΤΡΑΓΑΙΑΣ - ΚΥΚΛΑΔΩΝ
371;ΤΡΙΚΑΛΩΝ - ΤΡΙΚΑΛΩΝ
372;ΤΡΙΚΟΛΩΝΙΩΝ ΣΤΕΜΝΙΤΣΑΣ - ΑΡΚΑΔΙΑΣ
373;ΤΡΙΠΟΛΕΩΣ (ΝΟΤΙΑΣ ΠΛΕΥΡΑΣ) - ΑΡΚΑΔΙΑΣ
374;ΤΡΙΠΟΛΕΩΣ Β.ΠΛΕΥΡΑΣ - ΑΡΚΑΔΙΑΣ
375;ΤΡΙΤΑΙΑΣ (ΕΡΥΜΑΝΘΙΑΣ) - ΑΧΑΙΑΣ
376;ΤΡΟΠΑΙΩΝ - ΑΡΚΑΔΙΑΣ
377;ΤΥΡΝΑΒΟΥ - ΛΑΡΙΣΑΣ
378;ΥΔΡΑΣ - ΑΤΤΙΚΗΣ
379;ΥΠΑΤΗΣ - ΦΘΙΩΤΙΔΑΣ
380;ΦΑΛΑΙΣΙΑΣ - ΑΡΚΑΔΙΑΣ
381;ΦΑΝΑΡΙΟΥ (ΙΘΩΜΗΣ) - ΚΑΡΔΙΤΣΑΣ
382;ΦΑΡΙΔΟΣ - ΛΑΚΩΝΙΑΣ
383;ΦΑΡΚΑΔΟΝΑΣ - ΤΡΙΚΑΛΩΝ
384;ΦΑΡΡΩΝ - ΑΧΑΙΑΣ
385;ΦΑΡΣΑΛΩΝ - ΛΑΡΙΣΑΣ
386;ΦΕΝΕΩΝ - ΚΟΡΙΝΘΙΑΣ
387;ΦΕΡΡΩΝ - ΜΑΓΝΗΣΙΑΣ
388;ΦΙΛΙΑΤΩΝ - ΘΕΣΠΡΩΤΙΑΣ
389;ΦΙΛΙΠΠΙΑΔΑΣ - ΠΡΕΒΕΖΑΣ
390;ΦΛΕΣΙΑΔΟΣ (ΧΩΡΑΣ) - ΜΕΣΣΗΝΙΑΣ
391;ΦΛΩΡΙΝΑΣ - ΦΛΩΡΙΝΑΣ
392;ΦΟΛΕΓΑΝΔΡΟΥ - ΚΥΚΛΑΔΩΝ
393;ΦΥΛΛΙΔΟΣ - ΣΕΡΡΩΝ
394;ΧΑΙΔΑΡΙΟΥ - ΑΤΤΙΚΗΣ
395;ΧΑΛΑΝΔΡΙΟΥ - ΑΤΤΙΚΗΣ
396;ΧΑΛΚΙΔΑΣ - ΕΥΒΟΙΑΣ
397;ΧΑΝΙΩΝ - ΧΑΝΙΩΝ
398;ΧΕΡΣΟΝΗΣΟΥ - ΗΡΑΚΛΕΙΟΥ
399;ΧΙΟΥ - ΧΙΟΥ
400;ΧΡΥΣΟΥΠΟΛΗΣ - ΚΑΒΑΛΑΣ
401;ΧΩΡΑΣ ΣΑΜΟΥ - ΣΑΜΟΥ
402;ΧΩΡΑΣ ΣΦΑΚΙΩΝ - ΧΑΝΙΩΝ
403;ΨΩΦΙΔΟΣ (ΔΗΜΗΤΣΑΝΑΣ) - ΑΡΚΑΔΙΑΣ
404;ΩΛΕΝΗΣ - ΗΛΕΙΑΣ
405;ΩΡΩΠΟΥ - ΑΤΤΙΚΗΣ
406; - 
407;ΧΑΛΚΗΣ - ΔΩΔΕΚΑΝΗΣΟΥ
408;ΤΗΛΟΥ - ΔΩΔΕΚΑΝΗΣΟΥ
409;